{
    "Ch": [
        22.62,
        22.62,
        120,
        102.78,
        119.34,
        22.62,
        82.67999999999999,
        137.04,
        90.42,
        35.099999999999994,
        102.78,
        482.58000000000004,
        314.88,
        120,
        60,
        82.67999999999999,
        149.16,
        145.92000000000002,
        119.94,
        90,
        90.42,
        24.299999999999997,
        24.299999999999997,
        68.52,
        168.24,
        346.20000000000005,
        34.26,
        17.16,
        17.16,
        178.98,
        63.12,
        41.88,
        124.08,
        120,
        24.299999999999997,
        60,
        78.72,
        89.52,
        15.66,
        48.66,
        48.66,
        48.66,
        24.299999999999997,
        29.82,
        23.759999999999998,
        23.759999999999998,
        45.24,
        60,
        238.56,
        62.699999999999996,
        78.36,
        45.24,
        20.700000000000003,
        150,
        22.62,
        48.66,
        60,
        31.32,
        15.66,
        20.700000000000003,
        103.85999999999999,
        35.64,
        51.96,
        103.85999999999999,
        175.14000000000001,
        397.08000000000004,
        48.66,
        72.96000000000001,
        271.20000000000005,
        24.299999999999997,
        97.26,
        67.80000000000001,
        90,
        41.339999999999996,
        41.339999999999996,
        15.66,
        31.32,
        24.299999999999997,
        24.299999999999997,
        309.71999999999997,
        98.88,
        15.66,
        36.839999999999996,
        78.72,
        90,
        90,
        374.64,
        158.22,
        455.04,
        51.42,
        120,
        149.16,
        60,
        120,
        46.980000000000004,
        48.66,
        24.299999999999997,
        78.72,
        149.16,
        145.68,
        59.64,
        89.52,
        168.96,
        48.66,
        244.32,
        15.66,
        89.52,
        244.32,
        305.4,
        374.64,
        449.58000000000004,
        449.58000000000004,
        90,
        22.62,
        22.62,
        72.96000000000001,
        22.62,
        22.62
    ],
    "ProM": [
        0.25,
        0.25,
        0.25,
        1.5,
        1,
        0.25,
        1,
        2,
        1,
        0.25,
        1.5,
        2,
        2,
        1.5,
        1.5,
        1,
        1.25,
        1.5,
        1.75,
        1.25,
        1,
        0.25,
        0.25,
        1,
        0.5,
        1,
        0.5,
        0.25,
        0.25,
        1.5,
        0.5,
        0.75,
        1.5,
        0.75,
        0.25,
        0.5,
        0.5,
        0.75,
        0.25,
        0.5,
        0.5,
        0.5,
        0.25,
        0.25,
        0.5,
        0.5,
        0.5,
        0.75,
        0.75,
        1,
        1.25,
        0.5,
        0.25,
        1.25,
        0.25,
        0.5,
        0.75,
        0.5,
        0.25,
        0.25,
        0.5,
        0.75,
        0.25,
        0.5,
        0.5,
        0.75,
        0.5,
        0.75,
        0.5,
        0.25,
        1,
        0.75,
        1.25,
        0.5,
        0.5,
        0.25,
        0.5,
        0.25,
        0.25,
        0.75,
        0.25,
        0.25,
        0.5,
        0.5,
        1,
        0.5,
        1.25,
        1.75,
        1,
        0.75,
        1.25,
        1.25,
        1.25,
        0.25,
        0.75,
        0.5,
        0.25,
        0.5,
        1.25,
        0.5,
        0.5,
        0.75,
        0.75,
        0.5,
        1,
        0.25,
        0.75,
        1,
        1.25,
        1.25,
        1.5,
        1.5,
        1,
        0.25,
        0.25,
        0.75,
        0.25,
        0.25
    ],
    "Pgbar": [
        3,
        2,
        0,
        3,
        1,
        2,
        2,
        3,
        1,
        3,
        4,
        1,
        1,
        0,
        0,
        2,
        1,
        1,
        2,
        0,
        1,
        1,
        2,
        4,
        1,
        1,
        4,
        2,
        1,
        4,
        1,
        8,
        1,
        0,
        4,
        0,
        2,
        2,
        6,
        2,
        4,
        2,
        4,
        3,
        8,
        8,
        3,
        0,
        1,
        4,
        4,
        5,
        8,
        0,
        5,
        3,
        0,
        4,
        8,
        4,
        2,
        8,
        3,
        2,
        1,
        1,
        1,
        1,
        1,
        2,
        3,
        1,
        0,
        2,
        2,
        8,
        5,
        3,
        3,
        1,
        1,
        3,
        1,
        1,
        0,
        0,
        2,
        2,
        1,
        5,
        0,
        2,
        0,
        0,
        8,
        2,
        2,
        2,
        1,
        1,
        4,
        4,
        2,
        2,
        1,
        4,
        2,
        1,
        1,
        1,
        1,
        1,
        0,
        2,
        1,
        3,
        1,
        1
    ],
    "Cg": [
        675.924,
        683.886,
        0,
        692.6460000000001,
        1179.282,
        683.886,
        767.1479999999999,
        837.726,
        982.182,
        690.786,
        715.8059999999999,
        3901.1279999999997,
        1283.43,
        0,
        0,
        767.1479999999999,
        1409.568,
        1383.282,
        891.864,
        0,
        982.182,
        713.2979999999999,
        686.6460000000001,
        663.036,
        2169.69,
        2862.99,
        682.284,
        675.762,
        691.5179999999999,
        866.052,
        822.72,
        672.054,
        1214.1299999999999,
        0,
        673.326,
        0,
        755.214,
        788.1239999999999,
        526.596,
        675.372,
        697.6859999999999,
        675.372,
        673.326,
        684.138,
        700.872,
        533.142,
        705.0419999999999,
        708,
        2237.406,
        715.14,
        677.058,
        687.024,
        533.226,
        0,
        669.552,
        710.25,
        0,
        679.494,
        512.754,
        670.446,
        835.2599999999999,
        669.4499999999999,
        715.452,
        835.2599999999999,
        1630.1939999999997,
        3516.7679999999996,
        750.744,
        876.93,
        3184.776,
        686.6460000000001,
        742.122,
        848.2379999999999,
        0,
        719.0939999999999,
        719.0939999999999,
        531.444,
        675.5939999999999,
        677.766,
        677.766,
        3022.872,
        1036.9379999999999,
        669.1919999999999,
        699.4499999999999,
        910.428,
        0,
        0,
        2211.48,
        1042.3799999999999,
        2157.0119999999997,
        692.7539999999999,
        0,
        1004.784,
        0,
        0,
        677.9039999999999,
        675.372,
        686.6460000000001,
        755.214,
        1409.568,
        990.7919999999999,
        711.204,
        694.062,
        1088.166,
        675.372,
        2297.3819999999996,
        666.894,
        788.1239999999999,
        2297.3819999999996,
        2372.166,
        3222.954,
        3636.684,
        3636.684,
        0,
        683.886,
        707.7719999999999,
        692.31,
        707.7719999999999,
        707.7719999999999
    ],