{"Ch":[37.7,37.7,200.0,171.29999999999998,198.9,37.7,137.79999999999998,228.4,150.7,58.5,171.29999999999998,804.3000000000001,524.8,200.0,100.0,137.79999999999998,248.6,243.2,199.89999999999998,150.0,150.7,40.5,40.5,114.2,280.4,577.0,57.1,28.599999999999998,28.599999999999998,298.29999999999995,105.19999999999999,69.80000000000001,206.8,200.0,40.5,100.0,131.2,149.2,26.099999999999998,81.1,81.1,81.1,40.5,49.699999999999996,39.6,39.6,75.4,100.0,397.59999999999997,104.5,130.6,75.4,34.5,250.0,37.7,81.1,100.0,52.199999999999996,26.099999999999998,34.5,173.1,59.400000000000006,86.6,173.1,291.90000000000003,661.8000000000001,81.1,121.6,452.0,40.5,162.10000000000002,113.0,150.0,68.89999999999999,68.89999999999999,26.099999999999998,52.199999999999996,40.5,40.5,516.1999999999999,164.8,26.099999999999998,61.4,131.2,150.0,150.0,624.4,263.7,758.4000000000001,85.7,200.0,248.6,100.0,200.0,78.3,81.1,40.5,131.2,248.6,242.8,99.39999999999999,149.2,281.6,81.1,407.2,26.099999999999998,149.2,407.2,509.0,624.4,749.3000000000001,749.3000000000001,150.0,37.7,37.7,121.6,37.7,37.7],"ProM":[0.25,0.25,0.25,1.5,1.0,0.25,1.0,2.0,1.0,0.25,1.5,2.0,2.0,1.5,1.5,1.0,1.25,1.5,1.75,1.25,1.0,0.25,0.25,1.0,0.5,1.0,0.5,0.25,0.25,1.5,0.5,0.75,1.5,0.75,0.25,0.5,0.5,0.75,0.25,0.5,0.5,0.5,0.25,0.25,0.5,0.5,0.5,0.75,0.75,1.0,1.25,0.5,0.25,1.25,0.25,0.5,0.75,0.5,0.25,0.25,0.5,0.75,0.25,0.5,0.5,0.75,0.5,0.75,0.5,0.25,1.0,0.75,1.25,0.5,0.5,0.25,0.5,0.25,0.25,0.75,0.25,0.25,0.5,0.5,1.0,0.5,1.25,1.75,1.0,0.75,1.25,1.25,1.25,0.25,0.75,0.5,0.25,0.5,1.25,0.5,0.5,0.75,0.75,0.5,1.0,0.25,0.75,1.0,1.25,1.25,1.5,1.5,1.0,0.25,0.25,0.75,0.25,0.25],"Pgbar":[6,4,0,6,2,4,4,6,2,6,8,2,2,0,0,4,2,2,4,0,2,2,4,8,2,2,8,4,2,8,2,16,2,0,8,0,4,4,12,4,8,4,8,6,16,16,6,0,2,8,8,10,16,0,10,6,0,8,16,8,4,16,6,4,2,2,2,2,2,4,6,2,0,4,4,16,10,6,6,2,2,6,2,2,0,0,4,4,2,10,0,4,0,0,16,4,4,4,2,2,8,8,4,4,2,8,4,2,2,2,2,2,0,4,2,6,2,2],"Cg":[901.232,911.848,0.0,923.5280000000001,1572.3760000000002,911.848,1022.864,1116.968,1309.576,921.048,954.408,5201.504000000001,1711.2400000000002,0.0,0.0,1022.864,1879.4240000000002,1844.376,1189.152,0.0,1309.576,951.064,915.5280000000001,884.048,2892.92,3817.3199999999997,909.7120000000001,901.0160000000001,922.024,1154.736,1096.96,896.072,1618.8400000000001,0.0,897.768,0.0,1006.9520000000001,1050.832,702.128,900.496,930.248,900.496,897.768,912.1840000000001,934.496,710.8560000000001,940.056,944.0,2983.2080000000005,953.5200000000001,902.7440000000001,916.032,710.9680000000001,0.0,892.7360000000001,947.0,0.0,905.9920000000001,683.672,893.9280000000001,1113.68,892.6,953.9360000000001,1113.68,2173.592,4689.024,1000.9920000000001,1169.24,4246.368,915.5280000000001,989.496,1130.9840000000002,0.0,958.792,958.792,708.5920000000001,900.792,903.688,903.688,4030.496,1382.584,892.256,932.6,1213.9040000000002,0.0,0.0,2948.6400000000003,1389.8400000000001,2876.016,923.672,0.0,1339.7120000000002,0.0,0.0,903.872,900.496,915.5280000000001,1006.9520000000001,1879.4240000000002,1321.056,948.2719999999999,925.416,1450.888,900.496,3063.176,889.192,1050.832,3063.176,3162.8880000000004,4297.272,4848.912,4848.912,0.0,911.848,943.6959999999999,923.0799999999999,943.6959999999999,943.6959999999999],"XCoord":[-76.26303523,-76.30822549,-76.31048901,-76.31516578,-76.20887516,-76.25933624,-76.34420679,-76.14141991,-76.07308563,-76.01100257,-76.38021394,-76.35656931,-76.43898237,-76.42104946,-76.4664604,-76.35629771,-76.39123055,-76.4923841,-76.5341704,-76.59411105,-76.61033868,-76.6076774,-76.58130959,-77.09244177,-76.35011927,-76.35338487,-76.17365378,-76.09135172,-76.09858182,-76.50251272,-76.26722101,-76.28603685,-76.52047561,-76.44349347,-76.47760819,-76.41818152,-76.49812404,-76.62915032,-76.60034086,-76.57867891,-76.58641109,-76.61072064,-76.42319383,-76.36450281,-76.60953124,-76.74937004,-76.80276787,-76.70597004,-76.68967515,-76.52213105,-76.58488823,-76.54485519,-76.51091048,-76.46601943,-76.44308015,-76.41334089,-76.44888633,-76.48486729,-76.46854789,-76.72755167,-76.80467258,-76.79656718,-76.50018542,-76.6160793,-76.67525368,-76.7040602,-76.78784714,-76.96435194,-77.1029729,-77.35455688,-77.08308332,-77.14968642,-77.0562107,-77.27484889,-77.41016826,-77.39895159,-77.43352044,-77.22262804,-77.12102327,-77.25569846,-77.09618294,-77.44460222,-77.43083732,-77.51323306,-77.52152246,-77.54785627,-77.58731586,-77.54302105,-77.48835791,-77.50653447,-77.46214226,-77.42625038,-77.39827508,-77.39180435,-77.35677223,-77.32931143,-77.31816906,-77.40217444,-77.44174161,-77.42498495,-77.48912591,-77.45651493,-77.61916982,-77.47988526,-77.58400787,-77.52020721,-77.51743625,-77.56662288,-77.59171051,-77.62245747,-77.60068557,-77.6922786,-76.29765723,-76.23757089,-76.19965746,-76.9335021,-76.39670059,-77.32753508],"Hbar":[300,300,300,160,160,300,160,160,160,300,160,160,160,100,100,160,160,160,160,100,160,300,300,160,300,160,300,300,300,160,300,160,160,100,300,100,300,160,300,300,300,300,300,300,300,300,300,100,160,160,160,300,300,100,300,300,100,300,300,300,300,160,300,300,300,160,300,160,300,300,160,160,100,300,300,300,300,300,300,160,300,300,300,300,100,100,160,160,160,160,100,160,100,100,160,300,300,300,160,300,300,160,160,300,160,300,160,160,160,160,160,160,100,300,300,160,300,300],"RefBus":23,"YCoord":[36.87113148,36.86649225,36.88604609,36.91971213,36.89522768,36.85315116,36.86243152,36.86693671,36.84976986,36.81976193,36.89791814,36.87750193,36.90004917,36.88373572,36.87904801,36.84024022,36.82398932,36.87898128,36.94194576,36.85574702,36.79455341,36.76790745,36.72633162,37.02857006,36.7411232,36.76143978,36.73888801,36.7839632,36.82221621,36.78386346,36.83277824,36.77267692,36.94669698,37.01773155,37.10786354,37.02552363,37.0611691,36.97781932,37.11874016,37.17324602,37.20901889,37.22258836,36.98155679,37.08120477,37.17622654,37.28191166,37.37932408,37.24706833,37.26460717,37.16099947,37.24453716,37.23051774,37.23590087,37.29374221,37.35256036,37.3021875,37.14742403,37.21906836,37.58737356,37.47988297,37.38228193,37.3043588,37.52632356,37.28408538,37.1520482,37.15967905,37.23477933,37.22722317,37.46660813,37.19125116,37.21377908,37.18353357,37.25966242,37.30375887,37.24818123,37.35538986,37.39389056,37.50929375,37.71922079,37.60574918,37.46404283,37.43986343,37.4758825,37.47997834,37.52874562,37.50371869,37.45405318,37.56875573,37.54529447,37.57277917,37.55717352,37.53886434,37.51766194,37.57881582,37.60808124,37.54446677,37.60176119,37.6494607,37.69041138,37.57730908,37.58758913,37.57025801,37.69224343,37.75543222,37.62957482,37.63356903,37.59986311,37.59509995,37.57736499,37.57033404,37.49626608,37.5127317,36.78793359,36.81793695,36.78853884,37.04689891,36.86636072,37.37276747],